{"labels": [14, 14, 14, 8, 0, 8, 8, 8, 14, 16, 15, 0, 21, 14, 16, 8, 21, 14, 14, 8, 16, 8, 14, 15, 0, 8, 8, 14, 21, 14, 14, 14, 8, 18, 14, 46, 0, 18, 14, 37, 0, 8, 8, 14, 14, 58, 14, 20, 18, 10, 24, 0, 14, 58, 0, 24, 8, 0, 14, 0, 25, 58, 13, 33, 17, 14, 16, 0, 0, 0, 20, 14, 14, 14, 58, 14, 37, 0, 17, 14, 58, 14, 20, 2, 19, 8, 37, 16, 37, 14, 8, 2, 13, 14, 0, 14, 58, 18, 8, 14], "scores": [0.712587833404541, 0.706633448600769, 0.3726571202278137, 0.33447420597076416, 0.2539308965206146, 0.17375659942626953, 0.1707192212343216, 0.16658715903759003, 0.15788739919662476, 0.15742352604866028, 0.1395580768585205, 0.13880187273025513, 0.13284876942634583, 0.13211043179035187, 0.11795077472925186, 0.11786157637834549, 0.11712389439344406, 0.11551821231842041, 0.10594315826892853, 0.1040327325463295, 0.10277163237333298, 0.09967127442359924, 0.09805338084697723, 0.09799142926931381, 0.09570427238941193, 0.0956580713391304, 0.09429151564836502, 0.09260129928588867, 0.08750876784324646, 0.08527667075395584, 0.08512922376394272, 0.08446524292230606, 0.08391331136226654, 0.08355318754911423, 0.08142979443073273, 0.08098815381526947, 0.08071460574865341, 0.08048771321773529, 0.08043283969163895, 0.07891187071800232, 0.07874559611082077, 0.07858699560165405, 0.07832102477550507, 0.07809175550937653, 0.07790786772966385, 0.07752549648284912, 0.07738742232322693, 0.07629577070474625, 0.07507852464914322, 0.07323640584945679, 0.07304535061120987, 0.07289916276931763, 0.0717899277806282, 0.07148921489715576, 0.07106776535511017, 0.07104004174470901, 0.07071366161108017, 0.07003442198038101, 0.0685926303267479, 0.06841616332530975, 0.06770876049995422, 0.06747616082429886, 0.06664872914552689, 0.06533648073673248, 0.0652197077870369, 0.06468954682350159, 0.06456015259027481, 0.0644720271229744, 0.06425051391124725, 0.06408698111772537, 0.06380801647901535, 0.06350162625312805, 0.06346728652715683, 0.06335002928972244, 0.06289105862379074, 0.0625140592455864, 0.062207747250795364, 0.06195848435163498, 0.061622101813554764, 0.0610443577170372, 0.06051217392086983, 0.06013173609972, 0.05999835580587387, 0.05927180126309395, 0.05908000469207764, 0.05848497897386551, 0.05847156047821045, 0.05821472778916359, 0.058140307664871216, 0.058120474219322205, 0.05775999650359154, 0.05693105608224869, 0.056862905621528625, 0.056262582540512085, 0.055912941694259644, 0.05574844032526016, 0.05563686043024063, 0.05508972331881523, 0.0548059307038784, 0.054709021002054214], "bboxes": [[630.1800537109375, 344.36846923828125, 794.3651123046875, 483.1101989746094], [389.3511047363281, 319.0917663574219, 513.824462890625, 459.4112243652344], [383.9644470214844, 317.1122741699219, 710.6203002929688, 480.2711181640625], [944.80615234375, 67.49120330810547, 1075.9029541015625, 141.75540161132812], [631.3563842773438, 343.9429016113281, 794.6443481445312, 484.19537353515625], [944.6285400390625, 107.8602523803711, 1079.2508544921875, 144.27511596679688], [946.83642578125, 105.15291595458984, 1012.0767822265625, 136.19720458984375], [948.302001953125, 93.05299377441406, 1047.9732666015625, 134.8719940185547], [367.8584289550781, 320.90673828125, 541.699462890625, 519.8381958007812], [629.5872192382812, 342.7373962402344, 796.083251953125, 483.76318359375], [390.17559814453125, 323.8887023925781, 511.7027893066406, 458.9327087402344], [390.1385498046875, 319.1405334472656, 514.8917846679688, 458.8812561035156], [629.1954345703125, 344.6654052734375, 794.357177734375, 484.5987854003906], [270.79339599609375, 314.22784423828125, 524.6687622070312, 478.75494384765625], [664.3621215820312, 409.9253845214844, 793.2031860351562, 482.7591857910156], [948.0352783203125, 118.6822509765625, 1014.9354248046875, 142.33938598632812], [389.3511047363281, 319.0917663574219, 513.824462890625, 459.4112243652344], [516.1693115234375, 319.1185607910156, 815.8084716796875, 494.589599609375], [664.3621215820312, 409.9253845214844, 793.2031860351562, 482.7591857910156], [940.67138671875, 91.07637023925781, 1080.0, 164.74549865722656], [388.7861022949219, 322.8809814453125, 512.8778686523438, 457.0494079589844], [946.632080078125, 72.91309356689453, 1026.38037109375, 126.68046569824219], [387.7498474121094, 321.19305419921875, 447.5505065917969, 453.9008483886719], [629.5872192382812, 342.7373962402344, 796.083251953125, 483.76318359375], [383.4394836425781, 321.3656921386719, 706.8306274414062, 471.46551513671875], [941.7689208984375, 10.562447547912598, 1080.0, 162.8773193359375], [947.0512084960938, 103.83965301513672, 990.6568603515625, 128.60281372070312], [374.770751953125, 298.01080322265625, 582.1746826171875, 443.17724609375], [664.3621215820312, 409.9253845214844, 793.2031860351562, 482.7591857910156], [1009.0916748046875, 129.1237030029297, 1023.4716796875, 141.85459899902344], [390.9896545410156, 335.2421875, 496.1521301269531, 417.984130859375], [334.5900573730469, 68.06136322021484, 358.91632080078125, 85.79207611083984], [949.08349609375, 82.0599136352539, 996.5890502929688, 127.7867202758789], [389.4714050292969, 319.5331726074219, 513.6604614257812, 458.8187561035156], [999.23388671875, 129.4409942626953, 1012.3895874023438, 142.3801727294922], [384.43011474609375, 321.3638916015625, 509.96807861328125, 456.818603515625], [714.0619506835938, 416.082275390625, 774.5194702148438, 457.3726501464844], [631.7696533203125, 342.65142822265625, 793.3848266601562, 480.7352294921875], [371.0942077636719, 54.453556060791016, 408.4552001953125, 93.28028106689453], [703.8806762695312, 454.83929443359375, 790.6782836914062, 483.071533203125], [371.2311706542969, 39.29667663574219, 410.31439208984375, 90.8975830078125], [947.2681884765625, 124.77904510498047, 1059.92333984375, 155.83676147460938], [955.5165405273438, 127.5951156616211, 1012.656005859375, 144.53024291992188], [397.7958679199219, 401.64892578125, 512.6573486328125, 460.0273742675781], [123.70977020263672, 304.67877197265625, 550.1631469726562, 537.4985961914062], [307.93218994140625, 59.471675872802734, 328.1610412597656, 75.74130249023438], [622.0859985351562, 323.759765625, 937.6842041015625, 502.6376953125], [629.6804809570312, 344.18304443359375, 794.4483642578125, 485.3387756347656], [383.9644470214844, 317.1122741699219, 710.6203002929688, 480.2711181640625], [370.5618896484375, 40.628143310546875, 409.6690368652344, 92.28023529052734], [404.1477355957031, 362.18438720703125, 513.420654296875, 458.00604248046875], [984.662353515625, 96.11396026611328, 1001.691162109375, 121.19496154785156], [402.50262451171875, 311.2579650878906, 540.1184692382812, 403.4425354003906], [300.20928955078125, 57.613834381103516, 321.8018798828125, 75.16000366210938], [993.8218994140625, 120.12916564941406, 1009.4249267578125, 138.46359252929688], [460.2472229003906, 411.3960266113281, 512.6583862304688, 456.7920837402344], [960.7011108398438, 63.980873107910156, 1044.3017578125, 111.89474487304688], [340.9190979003906, 41.30660629272461, 409.9719543457031, 82.38062286376953], [994.2675170898438, 129.07208251953125, 1008.7307739257812, 143.47462463378906], [990.9165649414062, 103.71888732910156, 1009.5559692382812, 126.8265151977539], [388.7572937011719, 319.64910888671875, 513.1553955078125, 459.5674743652344], [287.11126708984375, 54.58420181274414, 331.4206237792969, 79.9368667602539], [944.7481689453125, 54.52631759643555, 1079.4718017578125, 136.19984436035156], [384.43011474609375, 321.3638916015625, 509.96807861328125, 456.818603515625], [389.3511047363281, 319.0917663574219, 513.824462890625, 459.4112243652344], [1009.3777465820312, 124.90911102294922, 1023.1353149414062, 137.0972900390625], [719.2605590820312, 415.5321350097656, 774.9024658203125, 455.6867370605469], [993.2359008789062, 112.36274719238281, 1009.302490234375, 128.9917755126953], [660.0938720703125, 395.2103576660156, 792.23876953125, 480.4657287597656], [991.572021484375, 97.6904296875, 1006.6775512695312, 119.252197265625], [389.3511047363281, 319.0917663574219, 513.824462890625, 