{"labels": [4, 0, 5, 5, 0, 2, 0, 0, 0, 0, 2, 6, 4, 2, 5, 0, 0, 0, 1, 0, 0, 0, 0, 0, 0, 7, 5, 0, 2], "scores": [0.970515251159668, 0.9697578549385071, 0.7340508103370667, 0.2276233285665512, 0.22432948648929596, 0.20727945864200592, 0.1814238280057907, 0.12381323426961899, 0.09394538402557373, 0.09028486907482147, 0.08758895099163055, 0.08570270240306854, 0.08141788095235825, 0.07787180691957474, 0.0765145942568779, 0.0714058205485344, 0.0709492564201355, 0.06805938482284546, 0.06774831563234329, 0.06693196296691895, 0.06308713555335999, 0.06284234672784805, 0.05854451283812523, 0.05696558952331543, 0.055484820157289505, 0.05219761282205582, 0.05116545408964157, 0.05068759620189667, 0.050474196672439575], "bboxes": [[16.96173095703125, 49.65175247192383, 998.4530639648438, 601.505859375], [1013.2354736328125, 369.3898620605469, 1046.967529296875, 431.0758056640625], [35.29846954345703, 64.23851776123047, 1016.6592407226562, 597.3984375], [570.67724609375, 134.49258422851562, 1019.6254272460938, 517.328125], [995.4234619140625, 369.73150634765625, 1005.8637084960938, 423.66259765625], [2.0539684295654297, 146.3678741455078, 14.209446907043457, 160.50384521484375], [985.7567138671875, 362.1096496582031, 1005.6943969726562, 437.0131530761719], [1011.2926025390625, 377.0, 1024.4197998046875, 414.04498291015625], [1006.3577270507812, 386.0271301269531, 1015.8359985351562, 419.42315673828125], [1000.6369018554688, 377.54864501953125, 1009.483154296875, 422.3866882324219], [0.9992499351501465, 157.01751708984375, 11.263067245483398, 166.80599975585938], [1013.6015625, 370.5417175292969, 1047.3359375, 431.85772705078125], [13.348847389221191, 0.0, 531.252685546875, 608.7646484375], [1.5252479314804077, 150.97193908691406, 11.722700119018555, 164.48809814453125], [317.51715087890625, 17.5211124420166, 1080.0, 471.410400390625], [1013.01171875, 389.8524169921875, 1024.313232421875, 424.9506530761719], [1003.4668579101562, 387.4078063964844, 1010.7932739257812, 424.6927490234375], [953.8268432617188, 352.01043701171875, 1005.7844848632812, 466.300537109375], [20.93747901916504, 42.936954498291016, 999.3594970703125, 602.630126953125], [991.1488037109375, 367.6250915527344, 1002.92822265625, 419.45977783203125], [1005.097900390625, 378.5972900390625, 1019.5505981445312, 424.3291320800781], [1010.1095581054688, 374.61181640625, 1032.716064453125, 423.7861022949219], [1040.71533203125, 380.4752197265625, 1048.8314208984375, 387.59564208984375], [1037.0443115234375, 375.527099609375, 1046.4864501953125, 383.0637512207031], [1006.1983642578125, 396.8323974609375, 1014.3746948242188, 414.9852294921875], [1006.948974609375, 382.2060852050781, 1017.681884765625, 418.8460693359375], [13.348847389221191, 0.0, 531.252685546875, 608.7646484375], [1007.599609375, 384.8110046386719, 1018.39990234375, 403.3887023925781], [4.37437105178833, 152.26348876953125, 15.908700942993164, 321.825439453125]]}