{"labels": [2, 4, 2, 3, 2, 2, 2, 2, 5], "scores": [0.9716450572013855, 0.6919254660606384, 0.1851828396320343, 0.10093855857849121, 0.07464473694562912, 0.06925541162490845, 0.05229181796312332, 0.05200925096869469, 0.051968444138765335], "bboxes": [[2418.50048828125, 1489.7083740234375, 3423.536376953125, 2041.0289306640625], [2406.4013671875, 1490.071533203125, 3418.172607421875, 2036.3978271484375], [1174.4351806640625, 1510.0072021484375, 1220.8304443359375, 1666.1539306640625], [2407.74951171875, 1496.376708984375, 3414.31689453125, 2041.4609375], [2566.20556640625, 815.1483764648438, 2954.551025390625, 885.739990234375], [1485.4552001953125, 1603.5518798828125, 1527.46875, 1643.1949462890625], [1483.4378662109375, 1569.049560546875, 1517.635009765625, 1638.876708984375], [1679.8560791015625, 1621.7108154296875, 1710.6177978515625, 1676.133544921875], [2404.202880859375, 1489.09765625, 3419.01025390625, 2037.970703125]]}