{"labels": [13, 2, 2, 2, 2, 2, 2, 2, 2, 2, 2, 2, 2, 2, 13, 2, 2, 2, 2, 2, 2, 2, 2, 2, 2, 2, 2, 2, 2, 7, 7, 2, 2, 7, 2, 2, 2, 7, 2, 56, 2, 2, 2, 7, 2, 9, 2, 2, 2, 2, 2, 2, 2, 2, 56, 2, 2, 2, 17, 2, 13, 13, 2, 2, 7, 2, 7, 2, 2, 7, 2, 0, 7, 7, 2, 2, 2, 2, 2, 2, 7, 2, 2, 0, 2, 2, 2, 0, 0, 2, 2, 9, 2, 2, 7, 0, 2, 2, 2, 2], "scores": [0.8222243785858154, 0.7980403304100037, 0.7746016979217529, 0.758289098739624, 0.7478293180465698, 0.7424530982971191, 0.7302555441856384, 0.70663982629776, 0.6485299468040466, 0.6465325355529785, 0.6464676260948181, 0.6107898354530334, 0.5350254774093628, 0.5203438401222229, 0.5098987817764282, 0.5030253529548645, 0.49985483288764954, 0.4615015387535095, 0.45501917600631714, 0.45093071460723877, 0.4429519474506378, 0.43694430589675903, 0.4310069978237152, 0.38009607791900635, 0.3664894998073578, 0.350503534078598, 0.34881022572517395, 0.3424602150917053, 0.3419555723667145, 0.33249518275260925, 0.3183714747428894, 0.3085685968399048, 0.29609033465385437, 0.294903963804245, 0.2912050783634186, 0.28712108731269836, 0.28070658445358276, 0.268061101436615, 0.2641304135322571, 0.2615065574645996, 0.2614927291870117, 0.25954723358154297, 0.2559336721897125, 0.25269046425819397, 0.24944749474525452, 0.24610376358032227, 0.24435843527317047, 0.24239246547222137, 0.24232177436351776, 0.2381850779056549, 0.23513150215148926, 0.2331235110759735, 0.23231768608093262, 0.2306993305683136, 0.23003563284873962, 0.2291221171617508, 0.22800934314727783, 0.22469986975193024, 0.2223798930644989, 0.22212882339954376, 0.22203189134597778, 0.2218388468027115, 0.22060701251029968, 0.21926453709602356, 0.21773304045200348, 0.21684107184410095, 0.21663090586662292, 0.21640771627426147, 0.21575629711151123, 0.21553321182727814, 0.21464736759662628, 0.21386373043060303, 0.21330781280994415, 0.21011367440223694, 0.20915278792381287, 0.20842397212982178, 0.20614129304885864, 0.20491790771484375, 0.20041880011558533, 0.19766519963741302, 0.19202107191085815, 0.19097663462162018, 0.1909293830394745, 0.1906449794769287, 0.18949314951896667, 0.1885051429271698, 0.1873374879360199, 0.18697544932365417, 0.1845322698354721, 0.18396200239658356, 0.18288378417491913, 0.1815665066242218, 0.1798897236585617, 0.17856323719024658, 0.17820505797863007, 0.17797788977622986, 0.17676888406276703, 0.17638732492923737, 0.17475058138370514, 0.1741781234741211], "bboxes": [[220.69174194335938, 177.0079345703125, 459.8171691894531, 384.09661865234375], [481.45660400390625, 110.04450988769531, 522.7276611328125, 130.18768310546875], [609.0872802734375, 112.00433349609375, 636.1787719726562, 137.40513610839844], [191.58396911621094, 109.8478775024414, 295.8423767089844, 155.93902587890625], [431.527587890625, 105.58043670654297, 485.0323486328125, 132.17007446289062], [398.2667541503906, 110.9968032836914, 433.39654541015625, 133.18048095703125], [295.2291259765625, 117.46666717529297, 378.8162841796875, 150.06260681152344], [590.011962890625, 110.41168212890625, 615.459716796875, 126.63066864013672], [267.7792053222656, 106.28145599365234, 327.76239013671875, 129.2349090576172], [555.710205078125, 109.36238098144531, 591.7836303710938, 127.44327545166016], [0.1077171191573143, 110.72566986083984, 61.84990310668945, 145.26971435546875], [167.86209106445312, 108.5361557006836, 214.9575958251953, 139.87051391601562], [60.645713806152344, 93.43529510498047, 85.30149841308594, 106.3135757446289], [99.1693115234375, 89.5579833984375, 119.25521850585938, 101.2252426147461], [373.0184631347656, 133.8466339111328, 433.10955810546875, 186.86697387695312], [597.0556640625, 110.61277770996094, 627.396728515625, 130.70492553710938], [137.92633056640625, 94.2422866821289, 159.18443298339844, 104.22551727294922], [142.0389404296875, 96.20986938476562, 164.90121459960938, 105.49014282226562], [272.8561706542969, 108.1063232421875, 338.77288818359375, 144.83209228515625], [135.089599609375, 91.81790924072266, 152.76942443847656, 103.4159927368164], [572.3847045898438, 110.25684356689453, 594.4137573242188, 127.0057144165039], [266.17156982421875, 106.57854461669922, 302.9959411621094, 125.57695007324219], [169.24755859375, 96.8249282836914, 181.9084014892578, 104.6682357788086], [221.70033264160156, 98.45429229736328, 249.9259033203125, 108.0405044555664], [97.68924713134766, 90.66487121582031, 111.81678009033203, 100.0439682006836], [87.22402954101562, 90.74949645996094, 97.8685073852539, 97.49783325195312], [374.48095703125, 114.71039581298828, 407.1611328125, 133.775634765625], [178.42822265625, 107.71580505371094, 262.544677734375, 145.2974853515625], [370.2872009277344, 112.18611907958984, 431.7627258300781, 134.53427124023438], [295.2291259765625, 117.46666717529297, 378.8162841796875, 150.06260681152344], [188.919189453125, 109.90177917480469, 299.6741027832031, 156.2324676513672], [431.56146240234375, 106.86507415771484, 460.2280578613281, 131.34019470214844], [88.00566864013672, 89.36203002929688, 109.31713104248047, 99.06156158447266], [555.710205078125, 109.36238098144531, 591.7836303710938, 127.44327545166016], [610.635498046875, 112.58587646484375, 628.2927856445312, 127.731689453125], [607.8050537109375, 112.65474700927734, 622.1434326171875, 125.28120422363281], [66.54335021972656, 89.01049041748047, 84.22209167480469, 101.94759368896484], [431.6210021972656, 104.92697143554688, 484.55560302734375, 131.9901885986328], [0.12017664313316345, 111.76078033447266, 17.056190490722656, 126.82354736328125], [218.20077514648438, 176.71678161621094, 459.77728271484375, 382.7124938964844], [553.0604858398438, 101.69989776611328, 559.7853393554688, 109.98323822021484], [553.7744750976562, 114.57913208007812, 565.6136474609375, 126.70681762695312], [94.10293579101562, 91.4529037475586, 102.19087982177734, 98.03185272216797], [481.8965759277344, 109.46890258789062, 522.6486206054688, 130.72720336914062], [269.4214782714844, 106.44293212890625, 299.62445068359375, 117.807373046875], [571.7583618164062, 83.5254898071289, 578.0569458007812, 91.89903259277344], [227.99185180664062, 100.04637908935547, 242.15646362304688, 107.91697692871094], [616.6779174804688, 103.38592529296875, 629.6893310546875, 112.31525421142578], [547.6453857421875, 114.74356079101562, 561.8671875, 127.02775573730469], [79.38215637207031, 92.552490234375, 90.53199005126953, 100.48218536376953], [68.63783264160156, 88.40190124511719, 118.68606567382812, 104.36066436767578], [136.0105438232422, 95.6007308959961, 146.56460571289062, 104.60596466064453], [615.6997680664062, 105.56282043457031, 625.0375366210938, 112.81519317626953], [135.1447296142578, 93.95092010498047, 142.69021606445312, 102.88048553466797], [371.9049072265625, 133.94114685058594, 432.865966796875, 187.13156127929688], [241.6220703125, 107.13115692138672, 323.46575927734375, 147.06935119628906], [171.40921020507812, 94.36846160888672, 180.9439697265625, 100.74029541015625], [0.03955525904893875, 112.13009643554688, 27.19944190979004, 145.57386779785156], [371.9049072265625, 133.94114685058594, 432.865966796875, 187.13156127929688], [45.77375411987305, 117.57127380371094, 61.92375183105469, 143.5686492919922], [218.08140563964844, 190.9300537109375, 360.38299560546875, 345.69049072265625], [373.1990051269531, 159.5289306640625, 421.6102600097656, 185.63540649414062], [220.99853515625, 100.04204559326172, 229.32711791992188, 107.17080688476562], [155.77577209472656, 97.47003173828125, 166.9503173828125, 104.23662567138672], [370.1732482910156, 111.01220703125, 431.2942199707031, 134.53811645507812], [288.51190185546875, 106.116943359375, 326.5160217285156, 122.9808120727539], [60.645713806152344, 93.43529510498047, 85.30149841308594, 106.3135757446289], [551.6209716796875, 113.19732666015625, 574.1231079101562, 126.99497985839844], [61.40057373046875, 94.9873046875, 73.42677307128906, 104.72921752929688], [268.1112976074219, 105.68291473388672, 326.5340270996094, 127.64439392089844], [481.18017578125, 111.49031829833984, 503.7407531738281, 