{"labels": [2, 2, 2, 2, 2, 0, 0, 0, 0, 0, 0, 0, 0, 0, 0, 0, 0, 0, 0, 0, 0, 2, 0, 2, 2, 2, 2, 0, 0, 0, 0, 0, 0, 0, 2, 0, 0, 0, 0, 0, 0, 2, 2, 0, 0, 0, 0, 0, 0, 0, 0, 0, 0, 2, 0, 2, 2, 0, 0, 0, 0, 0, 2, 2, 0, 0, 0, 0, 2, 5, 0, 0, 2, 2, 0, 2, 0, 0, 0, 2, 0, 2, 0, 2, 2, 0, 2, 2, 7, 7, 0, 0, 0, 2, 2, 2, 0, 2, 2, 0], "scores": [0.9999939203262329, 0.9998661279678345, 0.9997989535331726, 0.9996474981307983, 0.9753536581993103, 0.5029106140136719, 0.47331878542900085, 0.45359882712364197, 0.4248374402523041, 0.41873037815093994, 0.4060286581516266, 0.4049191474914551, 0.37404733896255493, 0.36495375633239746, 0.35244297981262207, 0.3486955463886261, 0.3442535996437073, 0.34395360946655273, 0.33361536264419556, 0.329313725233078, 0.3153597116470337, 0.3051065504550934, 0.2994166910648346, 0.2993156909942627, 0.286835253238678, 0.28486722707748413, 0.2805132269859314, 0.25794005393981934, 0.251850426197052, 0.24502599239349365, 0.24207118153572083, 0.2382800132036209, 0.23288314044475555, 0.2262790948152542, 0.22612729668617249, 0.21890898048877716, 0.21672260761260986, 0.21622321009635925, 0.21564140915870667, 0.21283721923828125, 0.2114114612340927, 0.20913910865783691, 0.2080867886543274, 0.20664384961128235, 0.1984306424856186, 0.1952534168958664, 0.1950410008430481, 0.194787859916687, 0.18954704701900482, 0.18812033534049988, 0.18675287067890167, 0.18349026143550873, 0.17636479437351227, 0.1762983351945877, 0.17554844915866852, 0.15965962409973145, 0.15948614478111267, 0.15757259726524353, 0.15681074559688568, 0.15670762956142426, 0.154009148478508, 0.15089073777198792, 0.15056632459163666, 0.14889802038669586, 0.14861953258514404, 0.14812223613262177, 0.1467992663383484, 0.1460658311843872, 0.14224760234355927, 0.13732175529003143, 0.13234391808509827, 0.12867888808250427, 0.12648795545101166, 0.12552900612354279, 0.12540531158447266, 0.12394887208938599, 0.12357865273952484, 0.123491071164608, 0.12225078046321869, 0.12197785079479218, 0.11982785910367966, 0.11940143257379532, 0.11632151901721954, 0.11623155325651169, 0.11346499621868134, 0.11295084655284882, 0.11292614787817001, 0.11232734471559525, 0.11095216870307922, 0.11076956242322922, 0.10932262241840363, 0.10927965492010117, 0.10852609574794769, 0.10721395164728165, 0.10654057562351227, 0.10641611367464066, 0.10466860234737396, 0.10343416035175323, 0.10077811032533646, 0.10041407495737076], "bboxes": [[2436.7412109375, 1821.9398193359375, 3069.368896484375, 2230.0537109375], [632.992919921875, 1785.2972412109375, 1238.2366943359375, 2043.1798095703125], [2787.888427734375, 1744.181640625, 3556.675048828125, 2211.421875], [1256.859375, 1772.5616455078125, 2175.904541015625, 2080.713134765625], [1869.169677734375, 1800.355712890625, 2369.6865234375, 2007.1201171875], [2336.959716796875, 1711.612548828125, 2358.48388671875, 1726.9404296875], [2347.974365234375, 1708.3466796875, 2368.76220703125, 1723.851318359375], [2310.7607421875, 1714.663818359375, 2333.40380859375, 1729.3895263671875], [2350.66162109375, 1715.435546875, 2369.452880859375, 1729.19775390625], [2282.554931640625, 1713.6922607421875, 2305.45703125, 1728.016357421875], [2340.43798828125, 1702.7159423828125, 2362.156982421875, 1718.8614501953125], [2259.314697265625, 1713.8201904296875, 2283.04443359375, 1729.1326904296875], [2348.052734375, 1699.9449462890625, 2370.06494140625, 1716.572509765625], [2339.65966796875, 1725.34326171875, 2358.0712890625, 1738.4195556640625], [2310.14404296875, 1705.576171875, 2332.39794921875, 1720.6412353515625], [2355.962890625, 1708.4737548828125, 2377.204345703125, 1723.9053955078125], [2233.689453125, 1715.5927734375, 2258.45849609375, 1732.3519287109375], [2318.010986328125, 1720.6138916015625, 2338.545654296875, 1733.748046875], [2355.951171875, 1729.3765869140625, 2373.126953125, 1742.338134765625], [2360.50927734375, 1717.9466552734375, 2379.53759765625, 1731.598388671875], [567.1514282226562, 1722.2745361328125, 595.2081909179688, 1756.37890625], [2233.689453125, 1715.5927734375, 2258.45849609375, 1732.3519287109375], [2281.353515625, 1705.042724609375, 2305.31591796875, 1719.611083984375], [2471.7978515625, 1901.87158203125, 2515.3798828125, 1941.89306640625], [2321.276123046875, 1871.2281494140625, 2355.485107421875, 1884.5286865234375], [2316.642822265625, 1874.8568115234375, 2347.6064453125, 1887.611572265625], [2317.720947265625, 1881.9488525390625, 2352.922607421875, 1896.9056396484375], [2364.864990234375, 1733.6925048828125, 2382.57421875, 1746.5799560546875], [2265.960205078125, 1704.2076416015625, 2290.525634765625, 1718.5928955078125], [572.544921875, 1725.815185546875, 602.7921752929688, 1763.1805419921875], [2354.424072265625, 1699.02978515625, 2376.97412109375, 1715.271728515625], [2207.112548828125, 1712.22705078125, 2230.002685546875, 1731.71142578125], [2170.939697265625, 1705.8701171875, 2194.2490234375, 1729.5665283203125], [564.3677978515625, 1752.021240234375, 585.9814453125, 1780.152587890625], [2479.8349609375, 1896.451416015625, 2521.99462890625, 1931.7542724609375], [2361.846923828125, 1753.4053955078125, 2376.8896484375, 1765.759765625], [568.9888916015625, 1745.5078125, 592.6403198242188, 1773.1226806640625], [2239.625, 1704.92919921875, 2263.550048828125, 1719.49853515625], [2342.1953125, 1689.59228515625, 2364.10498046875, 1703.9853515625], [2164.2568359375, 1702.0032958984375, 2187.64990234375, 1729.240478515625], [2346.859375, 1749.7236328125, 2362.26611328125, 1762.1326904296875], [2259.314697265625, 1713.8201904296875, 2283.04443359375, 1729.1326904296875], [2317.4462890625, 1904.1834716796875, 2353.151123046875, 1926.3521728515625], [553.1372680664062, 1792.5703125, 572.2994384765625, 1822.5982666015625], [2309.7314453125, 1689.2421875, 2331.945556640625, 1703.0032958984375], [2384.409423828125, 1720.6533203125, 2404.603759765625, 1733.9986572265625], [2224.1298828125, 1703.760986328125, 2248.044677734375, 1719.6629638671875], [2382.82373046875, 1709.8333740234375, 2404.986328125, 1724.5325927734375], [2201.3857421875, 1697.955810546875, 2224.5244140625, 1716.4984130859375], [1690.6756591796875, 1735.75341796875, 1723.8756103515625, 1769.071533203125], [2349.72412109375, 1688.68408203125, 2372.271484375, 1703.4913330078125], [2169.662841796875, 1691.4622802734375, 2194.119140625, 1713.3309326171875], [2282.52490234375, 1687.3306884765625, 2306.528076171875, 1701.2109375], [2340.431884765625, 1862.5360107421875, 2371.5703125, 1875.8743896484375], [2369.197265625, 1756.24951171875, 2385.60693359375, 1768.5841064453125], [2300.171142578125, 1869.1163330078125, 2326.01513671875, 1882.379638671875], [2333.998046875, 1880.024169921875, 2366.060791015625, 1894.9122314453125], [2326.81396484375, 1745.070068359375, 2343.9306640625, 1757.8123779296875], [2163.8125, 1686.593017578125, 2189.1298828125, 1710.3692626953125], [532.7185668945312, 1794.8759765625, 549.4541015625, 1829.0240478515625], [564.189697265625, 1729.8258056640625, 596.0665893554688, 1797.0362548828125], [2386.34814453125, 1736.683837890625, 2405.49462890625, 1749.40576171875], [2282.554931640625, 1713.6922607421875, 2305.45703125, 1728.016357421875], [2209.78955078125, 1713.07080078125, 2231.859130859375, 1733.791748046875], [566.7431640625, 1787.013671875, 588.8408813476562, 1815.561767578125], [1711.3271484375, 1736.022216796875, 1742.2454833984375, 1771.24755859375], [2268.204833984375, 1685.912109375, 2292.977294921875, 1699.872802734375], [560.4163818359375, 1726.597900390625, 588.8421630859375, 1763.9481201171875], [2498.17041015625, 1894.7120361328125, 2535.215576171875, 1925.8153076171875], [0.0, 1727.9259033203125, 588.267822265625, 1840.4971923828125], [2152.56201171875, 1699.7464599609375, 2173.92822265625, 1728.908447265625], [2244.41796875, 1685.5963134765625, 2268.6611328125, 1699.772705078125], [2318.959716796875, 1856.6917724609375, 2341.204833984375, 1866.4403076171875], [2239.625, 1704.92919921875, 2263.550048828125, 1719.49853515625], [2166.734619140625, 1674.96875, 