{"labels": [0, 0, 1, 0, 2, 7, 0, 2, 0, 2, 0, 0, 0, 0, 0, 2, 0, 0, 2, 2, 0, 0, 2, 0, 0, 2, 0, 0, 0, 0, 2, 2, 0, 1, 0, 0, 0, 0, 0, 7, 2, 2, 2, 0, 0, 0, 0, 0, 0, 0, 0, 2, 0, 0, 0, 2, 0, 2, 0, 2, 0, 2, 0, 2, 2, 0, 0, 0, 7, 2, 2, 0, 0, 0, 0, 2, 0, 0, 0, 2, 0, 0, 2, 7, 2, 0, 0, 7, 0, 2, 0, 0, 0, 2, 0, 0, 7, 2, 2, 2], "scores": [0.5080235004425049, 0.5014475584030151, 0.49280282855033875, 0.4863511621952057, 0.46057525277137756, 0.45004719495773315, 0.43518829345703125, 0.43208441138267517, 0.4253862202167511, 0.41233718395233154, 0.4036228358745575, 0.4018149673938751, 0.3930652439594269, 0.39133748412132263, 0.39118656516075134, 0.38876572251319885, 0.3856108486652374, 0.38257232308387756, 0.36929914355278015, 0.36885058879852295, 0.3671437203884125, 0.36233845353126526, 0.35965773463249207, 0.3565649092197418, 0.35546088218688965, 0.352121502161026, 0.3520805537700653, 0.3503408133983612, 0.3493373990058899, 0.34810808300971985, 0.34434133768081665, 0.3438015282154083, 0.34223151206970215, 0.3413611054420471, 0.3386818766593933, 0.33829382061958313, 0.3362294137477875, 0.3358333110809326, 0.3309922218322754, 0.3308282792568207, 0.3269098997116089, 0.32603919506073, 0.322746604681015, 0.3163577616214752, 0.3147716224193573, 0.3105187714099884, 0.303248792886734, 0.2976827323436737, 0.29706624150276184, 0.2929794192314148, 0.29066750407218933, 0.2900421619415283, 0.2893906831741333, 0.2887035012245178, 0.28858914971351624, 0.2871767580509186, 0.28669747710227966, 0.2853010594844818, 0.28434720635414124, 0.28307127952575684, 0.2824951708316803, 0.2763340473175049, 0.27566373348236084, 0.2724337577819824, 0.27213072776794434, 0.2708583474159241, 0.2694702446460724, 0.26692306995391846, 0.26560482382774353, 0.2643122971057892, 0.26357144117355347, 0.2622855603694916, 0.2617171108722687, 0.2614724636077881, 0.2609376609325409, 0.2595023214817047, 0.25725632905960083, 0.25654202699661255, 0.2555994689464569, 0.2539644241333008, 0.2539503872394562, 0.24941644072532654, 0.2491954267024994, 0.2489156872034073, 0.2473994344472885, 0.24736948311328888, 0.24654334783554077, 0.24429833889007568, 0.24321334064006805, 0.24207741022109985, 0.24054189026355743, 0.2400669902563095, 0.2364339977502823, 0.23618651926517487, 0.23585480451583862, 0.23582927882671356, 0.2356785386800766, 0.2351703941822052, 0.2349225878715515, 0.22991301119327545], "bboxes": [[3881.486572265625, 1655.9078369140625, 3947.5751953125, 1747.778564453125], [2761.4384765625, 1651.387939453125, 2786.256103515625, 1673.628173828125], [2881.7509765625, 1642.64306640625, 2931.0244140625, 1743.3253173828125], [3950.5380859375, 1667.4215087890625, 3988.352783203125, 1744.74169921875], [3180.00244140625, 1680.0650634765625, 3289.446044921875, 1733.48291015625], [2888.688720703125, 1698.237060546875, 2931.824951171875, 1756.747802734375], [3868.9619140625, 1659.1258544921875, 3918.266357421875, 1718.671142578125], [3623.942626953125, 1674.4932861328125, 3661.82177734375, 1716.8385009765625], [3910.52978515625, 1653.0869140625, 3960.361572265625, 1724.926513671875], [3270.24560546875, 1676.7998046875, 3401.768310546875, 1731.3018798828125], [2832.175537109375, 1637.944580078125, 2858.934814453125, 1662.169189453125], [3954.705810546875, 1654.6868896484375, 3984.9248046875, 1718.254150390625], [2856.67529296875, 1637.1806640625, 2883.047607421875, 1663.99951171875], [2885.489501953125, 1639.2381591796875, 2915.099365234375, 1670.6077880859375], [3723.425048828125, 1661.9208984375, 3751.759765625, 1703.099853515625], [3526.32080078125, 1669.9892578125, 3560.063232421875, 1703.7125244140625], [2881.7509765625, 1642.64306640625, 2931.0244140625, 1743.3253173828125], [3712.887939453125, 1665.4716796875, 3740.767333984375, 1708.94140625], [3572.64990234375, 1673.39013671875, 3602.79736328125, 1714.939697265625], [3515.332763671875, 1673.3455810546875, 3558.9775390625, 1728.261474609375], [2273.000732421875, 1628.468505859375, 2314.04833984375, 1647.5411376953125], [2753.189697265625, 1646.55517578125, 2782.939697265625, 1668.07861328125], [3624.18115234375, 1655.852783203125, 3654.71142578125, 1675.758056640625], [3815.90185546875, 1658.66943359375, 3863.443115234375, 1713.1051025390625], [3781.228271484375, 1657.192138671875, 3828.132568359375, 1701.6295166015625], [3634.04052734375, 1652.798828125, 3667.044921875, 1671.00927734375], [3844.97607421875, 1662.4117431640625, 3891.690673828125, 1716.634521484375], [2745.77783203125, 1654.114501953125, 2770.306884765625, 1676.46240234375], [3752.391357421875, 1659.79541015625, 3789.759765625, 1699.2432861328125], [3796.4404296875, 1655.5001220703125, 3844.60107421875, 1706.849853515625], [3624.78076171875, 1663.16845703125, 3648.905029296875, 1686.1817626953125], [3673.8408203125, 1670.2769775390625, 3710.19091796875, 1714.015625], [3458.94873046875, 1668.0596923828125, 3484.08740234375, 1718.6629638671875], [2886.558837890625, 1646.04736328125, 2927.094970703125, 1696.993896484375], [2671.1484375, 1623.6707763671875, 2698.416015625, 1649.9918212890625], [2757.148681640625, 1674.20703125, 2782.598388671875, 1703.9351806640625], [2253.807861328125, 1633.4822998046875, 2294.8916015625, 1652.083984375], [2779.90185546875, 1646.7978515625, 2805.894775390625, 1669.5225830078125], [3693.872802734375, 1668.4093017578125, 3723.49951171875, 1711.8134765625], [2894.12109375, 1672.2777099609375, 2933.20947265625, 1738.228271484375], [3564.9765625, 1661.3189697265625, 3590.837890625, 1680.9281005859375], [3611.204345703125, 1658.9266357421875, 3637.5703125, 1679.034912109375], [3613.4169921875, 1674.388427734375, 3636.521728515625, 1716.5048828125], [3436.609375, 1667.4249267578125, 3463.077392578125, 1720.7762451171875], [2296.209716796875, 1626.4976806640625, 2334.33642578125, 1645.252685546875], [2892.562744140625, 1647.4541015625, 2927.071533203125, 1690.987060546875], [2925.831298828125, 1642.943115234375, 2950.67236328125, 1674.20166015625], [2266.954345703125, 1638.4305419921875, 2309.721435546875, 1655.375], [2668.531982421875, 1631.4544677734375, 2696.3525390625, 1657.440185546875], [3473.060791015625, 1670.3873291015625, 3496.142822265625, 1712.6768798828125], [2743.644287109375, 1645.3934326171875, 2772.656005859375, 1665.2353515625], [3614.88671875, 1665.920166015625, 3636.2509765625, 1690.7298583984375], [2731.75341796875, 1683.0311279296875, 2757.83935546875, 1711.00146484375], [2831.08154296875, 1648.372314453125, 2855.58154296875, 1673.0758056640625], [2249.0380859375, 1642.7919921875, 2290.304443359375, 1659.966796875], [3569.01953125, 1667.327880859375, 3593.130126953125, 1692.56201171875], [2786.890625, 1640.94287109375, 2817.099853515625, 1662.953125], [3540.059814453125, 1672.0279541015625, 3570.8369140625, 1706.5233154296875], [3624.434814453125, 1674.337646484375, 3651.58056640625, 1715.5897216796875], [3773.969482421875, 1659.681884765625, 3864.87353515625, 1711.458251953125], [2314.6328125, 1627.2259521484375, 2349.44677734375, 1645.535400390625], [3533.523681640625, 1660.9903564453125, 3562.115966796875, 1680.2550048828125], [2637.05908203125, 1620.455810546875, 2665.517822265625, 1645.5853271484375], [3796.4404296875, 1655.5001220703125, 3844.60107421875, 1706.849853515625], [3504.87255859375, 1677.84423828125, 3617.46630859375, 1733.3240966796875], [3410.451416015625, 1670.1380615234375, 3438.48779296875, 1719.965576171875], [3711.733154296875, 1653.5665283203125, 3744.96923828125, 1726.799072265625], [3893.161376953125, 1647.0106201171875, 3932.357666015625, 1686.4759521484375], [3621.88623046875, 1675.0362548828125, 3649.74365234375, 1721.48291015625], [3668.759765625, 1649.3271484375, 3701.605224609375, 1666.3548583984375], [3493.203125, 1674.774169921875, 3525.884765625, 1730.697509765625], [2293.956787109375, 1634.8929443359375, 2332.33935546875, 1650.982666015625], [3956.1943359375, 1651.8140869140625, 3978.710205078125, 1691.0833740234375], [3922.79541015625, 1648.615966796875, 3952.9443359375, 1687.71875], [3388.384765625, 1671.177001953125, 