{"labels": [14, 14, 14, 0, 14, 14, 16, 18, 14, 14, 14, 58, 18, 58, 14, 19, 55, 54, 8, 20, 77, 14, 18, 0, 0, 58, 58, 18, 18, 58, 0, 75, 14, 18, 14, 58, 14, 77, 58, 18, 58, 32, 0, 2, 13, 15, 14, 17, 75, 75, 58, 0, 59, 75, 0, 46, 51, 0, 77, 0, 21, 48, 58, 46, 25, 14, 56], "scores": [0.8138823509216309, 0.7935709953308105, 0.7819303870201111, 0.2296028733253479, 0.22622545063495636, 0.22136665880680084, 0.18533676862716675, 0.18031242489814758, 0.16876736283302307, 0.16681021451950073, 0.14609915018081665, 0.12273631989955902, 0.11858886480331421, 0.11587896198034286, 0.11454334110021591, 0.11134467273950577, 0.10921362787485123, 0.10801820456981659, 0.10674332827329636, 0.10132662206888199, 0.10012978315353394, 0.09996884316205978, 0.09840504080057144, 0.09300287067890167, 0.09009150415658951, 0.08778438717126846, 0.08636624366044998, 0.08537940680980682, 0.08422191441059113, 0.08158084750175476, 0.0815601497888565, 0.08077801018953323, 0.08077748119831085, 0.07956097275018692, 0.07770881801843643, 0.07247625291347504, 0.07212314009666443, 0.07064136862754822, 0.06890985369682312, 0.06827428191900253, 0.06736888736486435, 0.06723231822252274, 0.06668064743280411, 0.0662117600440979, 0.0651802346110344, 0.06428684294223785, 0.06420540064573288, 0.06292007863521576, 0.060970015823841095, 0.059023138135671616, 0.05825859680771828, 0.058161720633506775, 0.05782083049416542, 0.05657706409692764, 0.05633823946118355, 0.05601244792342186, 0.05569872632622719, 0.05519206076860428, 0.05482769384980202, 0.054527729749679565, 0.05342254415154457, 0.05283154547214508, 0.05236702412366867, 0.05178462341427803, 0.050642456859350204, 0.05038287118077278, 0.050264861434698105], "bboxes": [[787.962646484375, 561.8383178710938, 1042.142578125, 811.1511840820312], [633.3500366210938, 493.16644287109375, 781.0043334960938, 700.5205688476562], [497.23687744140625, 519.97900390625, 613.2572021484375, 689.626708984375], [824.1641235351562, 720.6687622070312, 901.7072143554688, 823.4456176757812], [605.3787841796875, 514.5462646484375, 704.4974365234375, 686.6812133789062], [509.2893371582031, 492.5262451171875, 768.0347900390625, 706.1171875], [787.0785522460938, 558.5902099609375, 1046.7139892578125, 827.0137329101562], [605.9163818359375, 493.5903625488281, 787.7457885742188, 725.246337890625], [468.3575744628906, 501.1265563964844, 664.0606079101562, 719.3679809570312], [671.4830322265625, 513.8043212890625, 981.2766723632812, 741.814697265625], [598.5314331054688, 557.0567016601562, 684.1079711914062, 663.4419555664062], [45.807098388671875, 150.51438903808594, 561.7784423828125, 778.011962890625], [1061.81494140625, 561.8072509765625, 1280.0001220703125, 822.0326538085938], [8.294189453125, 0.0, 299.2504577636719, 844.0950927734375], [377.919677734375, 508.521240234375, 604.4645385742188, 748.2951049804688], [1059.648681640625, 563.9288940429688, 1278.9625244140625, 820.289794921875], [1061.81494140625, 561.8072509765625, 1280.0001220703125, 822.0326538085938], [1061.81494140625, 561.8072509765625, 1280.0001220703125, 822.0326538085938], [1059.648681640625, 563.9288940429688, 1278.9625244140625, 820.289794921875], [1062.4630126953125, 559.0728149414062, 1277.722412109375, 811.6614379882812], [605.9163818359375, 493.5903625488281, 787.7457885742188, 725.246337890625], [678.262451171875, 552.3211669921875, 783.9130249023438, 693.5533447265625], [788.7005615234375, 561.2857666015625, 1047.2147216796875, 812.2734985351562], [787.0785522460938, 558.5902099609375, 1046.7139892578125, 827.0137329101562], [538.2745971679688, 776.7928466796875, 549.704345703125, 795.91650390625], [72.73573303222656, 407.4378967285156, 600.3517456054688, 824.2757568359375], [0.0, 343.3907165527344, 215.88748168945312, 831.4985961914062], [496.4631042480469, 481.0518798828125, 772.7999877929688, 695.0177612304688], [497.23687744140625, 519.97900390625, 613.2572021484375, 689.626708984375], [3.2558515071868896, 500.4874267578125, 153.6304168701172, 826.439697265625], [533.5516967773438, 777.42431640625, 544.6838989257812, 797.8678588867188], [80.00775909423828, 718.6531982421875, 217.89083862304688, 842.0217895507812], [802.3041381835938, 561.3662109375, 1023.1893310546875, 695.4368896484375], [468.3575744628906, 501.1265563964844, 664.0606079101562, 719.3679809570312], [541.9630737304688, 530.393798828125, 664.9397583007812, 681.342529296875], [442.3941650390625, 364.80206298828125, 580.742919921875, 543.1367797851562], [838.1923828125, 603.9300537109375, 1058.4066162109375, 752.7532958984375], [787.0785522460938, 558.5902099609375, 1046.7139892578125, 827.0137329101562], [10.781730651855469, 630.39599609375, 222.70928955078125, 843.2767333984375], [597.7784423828125, 550.9876098632812, 682.423583984375, 654.1717529296875], [265.1634216308594, 311.08355712890625, 587.4464111328125, 646.1747436523438], [571.6786499023438, 484.2770080566406, 791.8104858398438, 695.2884521484375], [546.2428588867188, 775.0668334960938, 558.0667114257812, 791.2835083007812], [1058.674560546875, 574.4287719726562, 1280.0001220703125, 826.2859497070312], [106.71524047851562, 511.1949462890625, 698.65869140625, 829.207763671875], [787.0785522460938, 558.5902099609375, 1046.7139892578125, 827.0137329101562], [582.6439208984375, 532.0396728515625, 1077.6048583984375, 831.2042846679688], [787.0785522460938, 558.5902099609375, 1046.7139892578125, 827.0137329101562], [109.07901000976562, 787.6458129882812, 166.3902130126953, 849.6346435546875], [495.8681335449219, 514.8760375976562, 611.550537109375, 688.2462768554688], [16.18476676940918, 27.10161590576172, 824.8714599609375, 833.6075439453125], [827.77783203125, 748.3262329101562, 883.1588134765625, 833.170654296875], [1061.81494140625, 561.8072509765625, 1280.0001220703125, 822.0326538085938], [99.8387222290039, 771.3309326171875, 191.05641174316406, 847.9945678710938], [544.2364501953125, 777.66162109375, 554.7684326171875, 794.7381591796875], [598.9624633789062, 556.3905029296875, 681.1325073242188, 653.740234375], [820.2296142578125, 724.7400512695312, 902.0933837890625, 783.4378662109375], [529.90283203125, 777.4519653320312, 540.9078979492188, 797.4911499023438], [468.3575744628906, 501.1265563964844, 664.0606079101562, 719.3679809570312], [824.4583129882812, 771.0905151367188, 864.5675659179688, 828.394287109375], [1061.81494140625, 561.8072509765625, 1280.0001220703125, 822.0326538085938], [1061.0384521484375, 562.7059936523438, 1280.0001220703125, 822.960693359375], [179.74807739257812, 258.1417541503906, 576.2796020507812, 547.4541625976562], [496.44622802734375, 521.1784057617188, 614.2981567382812, 690.5927124023438], [1059.648681640625, 563.9288940429688, 1278.9625244140625, 820.289794921875], [793.1932983398438, 570.5015258789062, 952.3397827148438, 744.3413696289062], [698.4292602539062, 642.4421997070312, 758.7849731445312, 696.3133544921875]]}